snr_db,decoder,n_frames,ber,fer,avg_iters,hw_cycles_mean,hw_cycles_p95,hw_cycles_p99,hw_cycles_max,hw_time_us_mean,hw_time_us_p95,hw_time_us_p99,hw_time_us_max,ber_stage1,fer_stage1,grand_invocation_rate,stage1_cycles_mean,stage1_cycles_p95,stage1_cycles_p99,stage1_cycles_max,grand_cycles_mean,grand_cycles_p95,grand_cycles_p99,grand_cycles_max,patterns_tested_mean,patterns_tested_p95,patterns_tested_p99,patterns_tested_max,patterns_evaluated_mean,patterns_evaluated_p95,patterns_evaluated_p99,patterns_evaluated_max,patterns_tested_mean_if_grand,patterns_tested_p95_if_grand,patterns_tested_p99_if_grand,patterns_tested_max_if_grand,patterns_evaluated_mean_if_grand,patterns_evaluated_p95_if_grand,patterns_evaluated_p99_if_grand,patterns_evaluated_max_if_grand,pre_solver_attempt_rate,pre_solver_success_rate_total,pre_solver_success_rate_if_attempted,peel_candidate_mean,peel_candidate_p95,peel_candidate_max,peel_residual_vars_mean,peel_residual_vars_p95,peel_residual_vars_max,chase_candidate_mean,chase_candidate_p95,chase_candidate_max,chase_candidates_tested_mean,chase_candidates_tested_p95,chase_candidates_tested_max,chase_ldpc_iters_mean,chase_ldpc_iters_p95,chase_ldpc_iters_max,osd_candidate_mean,osd_candidate_p95,osd_candidate_max,osd_candidates_tested_mean,osd_candidates_tested_p95,osd_candidates_tested_max,osd_free_dim_mean,osd_free_dim_p95,osd_free_dim_max,restart_num_runs_mean,restart_num_runs_p95,restart_num_runs_max,restart_ldpc_iters_mean,restart_ldpc_iters_p95,restart_ldpc_iters_max,restart_anchor_bits_mean,restart_anchor_bits_p95,restart_anchor_bits_max,disagreement_added_mean,disagreement_added_p95,disagreement_added_max
7.5,ldpc8,213,0.16217150040281134,0.6572769953051644,7.093896713615023,10064.408450704226,11433.0,11433.0,11433.0,12.580510563380283,14.29125,14.29125,14.29125,0.16217150040281134,0.6572769953051644,0.0,10064.408450704226,11433.0,11433.0,11433.0,0.0,0.0,0.0,0.0,nan,nan,nan,nan,nan,nan,nan,nan,nan,nan,nan,nan,nan,nan,nan,nan,0.0,0.0,nan,0.0,0.0,0.0,0.0,0.0,0.0,0.0,0.0,0.0,0.0,0.0,0.0,0.0,0.0,0.0,nan,nan,nan,nan,nan,nan,nan,nan,nan,nan,nan,nan,nan,nan,nan,nan,nan,nan,nan,nan,nan
7.5,ldpc12,255,0.15824051514096762,0.5490196078431373,9.537254901960784,13423.482352941177,16989.0,16989.0,16989.0,16.779352941176466,21.23625,21.23625,21.23625,0.15824051514096762,0.5490196078431373,0.0,13423.482352941177,16989.0,16989.0,16989.0,0.0,0.0,0.0,0.0,nan,nan,nan,nan,nan,nan,nan,nan,nan,nan,nan,nan,nan,nan,nan,nan,0.0,0.0,nan,0.0,0.0,0.0,0.0,0.0,0.0,0.0,0.0,0.0,0.0,0.0,0.0,0.0,0.0,0.0,nan,nan,nan,nan,nan,nan,nan,nan,nan,nan,nan,nan,nan,nan,nan,nan,nan,nan,nan,nan,nan
7.5,ldpc15,274,0.1550561752256727,0.5109489051094891,11.153284671532846,15655.92700729927,21156.0,21156.0,21156.0,19.569908759124086,26.445,26.445,26.445,0.1550561752256727,0.5109489051094891,0.0,15655.92700729927,21156.0,21156.0,21156.0,0.0,0.0,0.0,0.0,nan,nan,nan,nan,nan,nan,nan,nan,nan,nan,nan,nan,nan,nan,nan,nan,0.0,0.0,nan,0.0,0.0,0.0,0.0,0.0,0.0,0.0,0.0,0.0,0.0,0.0,0.0,0.0,0.0,0.0,nan,nan,nan,nan,nan,nan,nan,nan,nan,nan,nan,nan,nan,nan,nan,nan,nan,nan,nan,nan,nan
7.5,hybahr8,290,0.1553318200367272,0.4827586206896552,7.117241379310345,3053199.172413793,6272400.85,6272810.16,6273071.0,3816.4989655172412,7840.5010624999995,7841.0127,7841.33875,0.16344878596204857,0.6482758620689655,0.6482758620689655,10093.944827586207,11433.0,11433.0,11433.0,3043105.227586207,6260967.85,6261377.16,6261638.0,356534.73793103447,735908.0,735908.0,735908.0,356534.73793103447,735908.0,735908.0,735908.0,549973.7978723404,735908.0,735908.0,735908.0,549973.7978723404,735908.0,735908.0,735908.0,0.6482758620689655,0.16551724137931034,0.2553191489361702,100.77241379310345,208.0,208.0,100.77241379310345,208.0,208.0,176.68965517241378,336.0,336.0,46.89655172413793,96.0,96.0,0.0,0.0,0.0,0.0,0.0,0.0,0.0,0.0,0.0,0.0,0.0,0.0,62.5551724137931,128.0,128.0,1000.248275862069,2048.0,2048.0,1455.9655172413793,2976.0,2976.0,0.0,0.0,0.0
7.5,hybahr12,292,0.154207743981519,0.4794520547945205,9.527397260273972,4566741.376712329,9408265.7,9408864.05,9409465.0,5708.426720890411,11760.332125,11761.0800625,11761.83125,0.15707133521115343,0.5445205479452054,0.5445205479452054,13408.34589041096,16989.0,16989.0,16989.0,4553333.030821918,9391276.7,9391875.05,9392476.0,534289.3698630137,1103862.0,1103862.0,1103862.0,534289.3698630137,1103862.0,1103862.0,1103862.0,981210.6666666666,1103862.0,1103862.0,1103862.0,981210.6666666666,1103862.0,1103862.0,1103862.0,0.5445205479452054,0.06506849315068493,0.11949685534591195,151.013698630137,312.0,312.0,151.013698630137,312.0,312.0,249.41095890410958,504.0,504.0,69.98972602739725,144.0,144.0,0.0,0.0,0.0,0.0,0.0,0.0,0.0,0.0,0.0,0.0,0.0,0.0,93.38356164383562,192.0,192.0,1494.054794520548,3072.0,3072.0,2174.859589041096,4464.0,4464.0,0.0,0.0,0.0
7.5,hybahr15,292,0.1526847592607603,0.4794520547945205,11.133561643835616,6041957.407534246,12542737.55,12543270.63,12544837.0,7552.4467594178095,15678.4219375,15679.0882875,15681.04625,0.15399560265866905,0.5068493150684932,0.5068493150684932,15627.215753424658,21156.0,21156.0,21156.0,6026330.191780822,12521581.55,12522114.63,12523681.0,708185.4383561644,1471816.0,1471816.0,1471816.0,708185.4383561644,1471816.0,1471816.0,1471816.0,1397230.7297297297,1471816.0,1471816.0,1471816.0,1397230.7297297297,1471816.0,1471816.0,1471816.0,0.5068493150684932,0.0273972602739726,0.05405405405405406,200.16438356164383,416.0,416.0,200.16438356164383,416.0,416.0,325.64383561643837,672.0,672.0,92.58904109589041,192.0,192.0,0.0,0.0,0.0,0.0,0.0,0.0,0.0,0.0,0.0,0.0,0.0,0.0,123.49657534246575,256.0,256.0,1975.9280821917807,4096.0,4096.0,2873.746575342466,5952.0,5952.0,0.0,0.0,0.0
7.5,hybbgr8,255,0.16500391576749043,0.5490196078431373,7.12156862745098,4404547.388235294,7970804.6,8081559.680000001,8233648.0,5505.684235294118,9963.50575,10101.9496,10292.06,0.16631497273465598,0.6588235294117647,0.6588235294117647,10103.341176470589,11433.0,11433.0,11433.0,4394444.0470588235,7959371.6,8070126.680000001,8222215.0,570354.537254902,1013522.0,1013522.0,1013522.0,570354.537254902,1013522.0,1013522.0,1013522.0,865716.7083333334,1013522.0,1013522.0,1013522.0,865716.7083333334,1013522.0,1013522.0,1013522.0,0.6588235294117647,0.10980392156862745,0.16666666666666666,81.03529411764706,144.0,144.0,81.03529411764706,144.0,144.0,103.67843137254901,176.0,176.0,63.92549019607843,112.0,112.0,0.0,0.0,0.0,0.0,0.0,0.0,0.0,0.0,0.0,0.0,0.0,0.0,82.40392156862745,144.0,144.0,988.756862745098,1728.0,1728.0,733.2823529411764,1494.1999999999998,1704.0,0.0,0.0,0.0
7.5,hybbgr12,257,0.15897977920014736,0.5447470817120622,9.556420233463035,6395513.579766537,11944372.8,12079387.04,12310172.0,7994.391974708171,14930.465999999999,15099.2338,15387.715,0.1589977666751088,0.5525291828793775,0.5525291828793775,13451.229571984435,16989.0,16989.0,16989.0,6382062.350194553,11927383.8,12062398.04,12293183.0,834085.2256809338,1520283.0,1520283.0,1520283.0,834085.2256809338,1520283.0,1520283.0,1520283.0,1509576.781690141,1520283.0,1520283.0,1520283.0,1509576.781690141,1520283.0,1520283.0,1520283.0,0.5525291828793775,0.007782101167315175,0.014084507042253521,118.50583657587549,216.0,216.0,117.92217898832685,216.0,216.0,145.13618677042803,264.0,264.0,92.22178988326849,168.0,168.0,0.0,0.0,0.0,0.0,0.0,0.0,0.0,0.0,0.0,0.0,0.0,0.0,118.58365758754864,216.0,216.0,1423.0038910505837,2592.0,2592.0,1069.6887159533073,2211.6,2556.0,0.0,0.0,0.0
7.5,hybbgr15,284,0.15253094007833987,0.49295774647887325,11.116197183098592,7797220.834507043,15887377.5,16040494.64,16445805.0,9746.526043133803,19859.221875,20050.6183,20557.25625,0.15254851966830568,0.5035211267605634,0.5035211267605634,15602.028169014084,21156.0,21156.0,21156.0,7781618.806338028,15866221.5,16019338.64,16424649.0,1015306.3697183098,2027044.0,2027044.0,2027044.0,1015306.3697183098,2027044.0,2027044.0,2027044.0,2016412.6503496503,2027044.0,2027044.0,2027044.0,2016412.6503496503,2027044.0,2027044.0,2027044.0,0.5035211267605634,0.01056338028169014,0.02097902097902098,144.46478873239437,288.0,288.0,144.05633802816902,288.0,288.0,176.6267605633803,352.0,352.0,112.39788732394366,224.0,224.0,0.0,0.0,0.0,0.0,0.0,0.0,0.0,0.0,0.0,0.0,0.0,0.0,144.50704225352112,288.0,288.0,1734.0845070422536,3456.0,3456.0,1317.3450704225352,2922.7999999999997,3186.0,0.0,0.0,0.0
8.0,ldpc8,238,0.12865549326239373,0.5882352941176471,7.147058823529412,10116.088235294117,11433.0,11433.0,11433.0,12.645110294117645,14.29125,14.29125,14.29125,0.12865549326239373,0.5882352941176471,0.0,10116.088235294117,11433.0,11433.0,11433.0,0.0,0.0,0.0,0.0,nan,nan,nan,nan,nan,nan,nan,nan,nan,nan,nan,nan,nan,nan,nan,nan,0.0,0.0,nan,0.0,0.0,0.0,0.0,0.0,0.0,0.0,0.0,0.0,0.0,0.0,0.0,0.0,0.0,0.0,nan,nan,nan,nan,nan,nan,nan,nan,nan,nan,nan,nan,nan,nan,nan,nan,nan,nan,nan,nan,nan
8.0,ldpc12,310,0.12457470414201184,0.45161290322580644,9.26774193548387,13017.86129032258,16989.0,16989.0,16989.0,16.272326612903225,21.23625,21.23625,21.23625,0.12457470414201184,0.45161290322580644,0.0,13017.86129032258,16989.0,16989.0,16989.0,0.0,0.0,0.0,0.0,nan,nan,nan,nan,nan,nan,nan,nan,nan,nan,nan,nan,nan,nan,nan,nan,0.0,0.0,nan,0.0,0.0,0.0,0.0,0.0,0.0,0.0,0.0,0.0,0.0,0.0,0.0,0.0,0.0,0.0,nan,nan,nan,nan,nan,nan,nan,nan,nan,nan,nan,nan,nan,nan,nan,nan,nan,nan,nan,nan,nan
8.0,ldpc15,356,0.11267691227312014,0.39325842696629215,10.353932584269662,14507.848314606741,21156.0,21156.0,21156.0,18.134810393258427,26.445,26.445,26.445,0.11267691227312014,0.39325842696629215,0.0,14507.848314606741,21156.0,21156.0,21156.0,0.0,0.0,0.0,0.0,nan,nan,nan,nan,nan,nan,nan,nan,nan,nan,nan,nan,nan,nan,nan,nan,0.0,0.0,nan,0.0,0.0,0.0,0.0,0.0,0.0,0.0,0.0,0.0,0.0,0.0,0.0,0.0,0.0,0.0,nan,nan,nan,nan,nan,nan,nan,nan,nan,nan,nan,nan,nan,nan,nan,nan,nan,nan,nan,nan,nan
8.0,hybahr8,383,0.11733414958209093,0.36553524804177545,7.107049608355092,2339944.0313315927,6272350.8,6272916.0,6273175.0,2924.9300391644906,7840.438499999999,7841.1449999999995,7841.46875,0.12808410709595686,0.587467362924282,0.587467362924282,10060.268929503916,11433.0,11433.0,11433.0,2329883.762402089,6260917.8,6261483.0,6261742.0,272843.17493472586,735908.0,735908.0,735908.0,272843.17493472586,735908.0,735908.0,735908.0,464439.71555555554,735908.0,735908.0,735908.0,464439.71555555554,735908.0,735908.0,735908.0,0.587467362924282,0.22193211488250653,0.37777777777777777,77.11749347258485,208.0,208.0,77.11749347258485,208.0,208.0,143.21671018276763,336.0,336.0,35.98433420365535,96.0,96.0,0.0,0.0,0.0,0.0,0.0,0.0,0.0,0.0,0.0,0.0,0.0,0.0,47.97389033942559,128.0,128.0,766.733681462141,2048.0,2048.0,1115.0287206266319,2976.0,2976.0,0.0,0.0,0.0
8.0,hybahr12,386,0.11562844912162369,0.3626943005181347,9.145077720207254,3463771.652849741,9408122.75,9408908.6,9409388.0,4329.714566062176,11760.153437500001,11761.135750000001,11761.735,0.1190186482509121,0.43523316062176165,0.43523316062176165,12842.222797927461,16989.0,16989.0,16989.0,3450929.4300518134,9391133.75,9391919.6,9392399.0,405130.6994818653,1103862.0,1103862.0,1103862.0,405130.6994818653,1103862.0,1103862.0,1103862.0,930836.0119047619,1103862.0,1103862.0,1103862.0,930836.0119047619,1103862.0,1103862.0,1103862.0,0.43523316062176165,0.07253886010362694,0.16666666666666666,114.50777202072538,312.0,312.0,114.50777202072538,312.0,312.0,191.06735751295338,504.0,504.0,53.10362694300518,144.0,144.0,0.0,0.0,0.0,0.0,0.0,0.0,0.0,0.0,0.0,0.0,0.0,0.0,70.85751295336787,192.0,192.0,1133.6113989637306,3072.0,3072.0,1650.5544041450778,4464.0,4464.0,0.0,0.0,0.0
8.0,hybahr15,389,0.11394477951354558,0.35989717223650386,10.411311053984576,4610324.344473008,12542817.6,12543803.12,12544122.0,5762.9054305912605,15678.521999999999,15679.7539,15680.1525,0.1151041587441627,0.39845758354755784,0.39845758354755784,14589.215938303341,21156.0,21156.0,21156.0,4595735.128534704,12521661.6,12522647.12,12522966.0,540107.2853470437,1471816.0,1471816.0,1471816.0,540107.2853470437,1471816.0,1471816.0,1471816.0,1355495.0580645162,1471816.0,1471816.0,1471816.0,1355495.0580645162,1471816.0,1471816.0,1471816.0,0.39845758354755784,0.038560411311053984,0.0967741935483871,152.65809768637533,416.0,416.0,152.48843187660668,416.0,416.0,249.84061696658097,672.0,672.0,70.68894601542416,192.0,192.0,0.0,0.0,0.0,0.0,0.0,0.0,0.0,0.0,0.0,0.0,0.0,0.0,94.32390745501286,256.0,256.0,1509.1670951156811,4096.0,4096.0,2197.2493573264783,5952.0,5952.0,0.0,0.0,0.0
8.0,hybbgr8,318,0.12956521435748578,0.44025157232704404,7.116352201257862,3637647.9182389937,7944533.2,8018477.13,8055403.0,4547.059897798743,9930.6665,10023.0964125,10069.25375,0.13215687916341037,0.5974842767295597,0.5974842767295597,10076.405660377359,11433.0,11433.0,11433.0,3627571.5125786164,7933100.2,8007044.13,8043970.0,468514.88679245283,1013522.0,1013522.0,1013522.0,468514.88679245283,1013522.0,1013522.0,1013522.0,784145.9684210527,1013522.0,1013522.0,1013522.0,784145.9684210527,1013522.0,1013522.0,1013522.0,0.5974842767295597,0.15723270440251572,0.2631578947368421,66.56603773584905,144.0,144.0,66.56603773584905,144.0,144.0,88.01572327044025,176.0,176.0,53.496855345911946,112.0,112.0,0.0,0.0,0.0,0.0,0.0,0.0,0.0,0.0,0.0,0.0,0.0,0.0,69.05345911949685,144.0,144.0,828.559748427673,1728.0,1728.0,618.566037735849,1526.6,1690.0,0.0,0.0,0.0
8.0,hybbgr12,333,0.1216799269683885,0.42042042042042044,9.177177177177176,4994362.858858859,11890405.6,12053732.8,12107890.0,6242.9535735735735,14863.007,15067.166000000001,15134.8625,0.12173156884695346,0.4444444444444444,0.4444444444444444,12889.765765765766,16989.0,16989.0,16989.0,4981473.0930930935,11873416.6,12036743.8,12090901.0,651332.4564564564,1520283.0,1520283.0,1520283.0,651332.4564564564,1520283.0,1520283.0,1520283.0,1465498.027027027,1520283.0,1520283.0,1520283.0,1465498.027027027,1520283.0,1520283.0,1520283.0,0.4444444444444444,0.024024024024024024,0.05405405405405406,92.54054054054055,216.0,216.0,92.54054054054055,216.0,216.0,113.993993993994,264.0,264.0,72.15015015015015,168.0,168.0,0.0,0.0,0.0,0.0,0.0,0.0,0.0,0.0,0.0,0.0,0.0,0.0,92.78078078078079,216.0,216.0,1113.3693693693695,2592.0,2592.0,842.3033033033033,2234.8,2492.0,0.0,0.0,0.0
8.0,hybbgr15,359,0.11365087933279491,0.38997214484679665,10.367688022284122,6118423.947075209,15834267.9,16041641.92,16187579.0,7648.029933844011,19792.834875,20052.0524,20234.47375,0.11366015064858005,0.3955431754874652,0.3955431754874652,14527.688022284123,21156.0,21156.0,21156.0,6103896.259052925,15813111.9,16020485.92,16166423.0,798960.2395543176,2027044.0,2027044.0,2027044.0,798960.2395543176,2027044.0,2027044.0,2027044.0,2019906.5211267606,2027044.0,2027044.0,2027044.0,2019906.5211267606,2027044.0,2027044.0,2027044.0,0.3955431754874652,0.005571030640668524,0.014084507042253521,113.68523676880223,288.0,288.0,113.3983286908078,288.0,288.0,138.9108635097493,352.0,352.0,88.44568245125348,224.0,224.0,0.0,0.0,0.0,0.0,0.0,0.0,0.0,0.0,0.0,0.0,0.0,0.0,113.7158774373259,288.0,288.0,1364.5905292479108,3456.0,3456.0,1042.3370473537605,2982.0,3264.0,0.0,0.0,0.0
8.5,ldpc8,244,0.13987398753516345,0.5737704918032787,6.89344262295082,9759.172131147541,11433.0,11433.0,11433.0,12.198965163934425,14.29125,14.29125,14.29125,0.13987398753516345,0.5737704918032787,0.0,9759.172131147541,11433.0,11433.0,11433.0,0.0,0.0,0.0,0.0,nan,nan,nan,nan,nan,nan,nan,nan,nan,nan,nan,nan,nan,nan,nan,nan,0.0,0.0,nan,0.0,0.0,0.0,0.0,0.0,0.0,0.0,0.0,0.0,0.0,0.0,0.0,0.0,0.0,0.0,nan,nan,nan,nan,nan,nan,nan,nan,nan,nan,nan,nan,nan,nan,nan,nan,nan,nan,nan,nan,nan
8.5,ldpc12,320,0.12396969767011834,0.4375,8.846875,12428.746875,16989.0,16989.0,16989.0,15.535933593749998,21.23625,21.23625,21.23625,0.12396969767011834,0.4375,0.0,12428.746875,16989.0,16989.0,16989.0,0.0,0.0,0.0,0.0,nan,nan,nan,nan,nan,nan,nan,nan,nan,nan,nan,nan,nan,nan,nan,nan,0.0,0.0,nan,0.0,0.0,0.0,0.0,0.0,0.0,0.0,0.0,0.0,0.0,0.0,0.0,0.0,0.0,0.0,nan,nan,nan,nan,nan,nan,nan,nan,nan,nan,nan,nan,nan,nan,nan,nan,nan,nan,nan,nan,nan
8.5,ldpc15,365,0.12028096376752857,0.3835616438356164,9.986301369863014,13994.09589041096,21156.0,21156.0,21156.0,17.492619863013697,26.445,26.445,26.445,0.12028096376752857,0.3835616438356164,0.0,13994.09589041096,21156.0,21156.0,21156.0,0.0,0.0,0.0,0.0,nan,nan,nan,nan,nan,nan,nan,nan,nan,nan,nan,nan,nan,nan,nan,nan,0.0,0.0,nan,0.0,0.0,0.0,0.0,0.0,0.0,0.0,0.0,0.0,0.0,0.0,0.0,0.0,0.0,0.0,nan,nan,nan,nan,nan,nan,nan,nan,nan,nan,nan,nan,nan,nan,nan,nan,nan,nan,nan,nan,nan
8.5,hybahr8,396,0.11548407521965215,0.35353535353535354,6.835858585858586,2238847.1944444445,6272182.25,6272782.1,6273347.0,2798.5589930555557,7840.2278125,7840.9776249999995,7841.68375,0.12479080748311518,0.5277777777777778,0.5277777777777778,9664.424242424242,11433.0,11433.0,11433.0,2229182.77020202,6260749.25,6261349.1,6261914.0,261098.6717171717,735908.0,735908.0,735908.0,261098.6717171717,735908.0,735908.0,735908.0,494713.2727272727,735908.0,735908.0,735908.0,494713.2727272727,735908.0,735908.0,735908.0,0.5277777777777778,0.17424242424242425,0.33014354066985646,73.79797979797979,208.0,208.0,73.79797979797979,208.0,208.0,133.84848484848484,336.0,336.0,34.378787878787875,96.0,96.0,0.0,0.0,0.0,0.0,0.0,0.0,0.0,0.0,0.0,0.0,0.0,0.0,45.82828282828283,128.0,128.0,732.5732323232323,2048.0,2048.0,1064.8434343434344,2976.0,2976.0,0.0,0.0,0.0
8.5,hybahr12,397,0.11539905429776579,0.3526448362720403,8.7455919395466,3352873.765743073,9408170.2,9408966.04,9409545.0,4191.092207178841,11760.212749999999,11761.207550000001,11761.93125,0.11821697121905415,0.41309823677581864,0.41309823677581864,12280.231738035265,16989.0,16989.0,16989.0,3340593.534005038,9391181.2,9391977.04,9392556.0,392051.74307304784,1103862.0,1103862.0,1103862.0,392051.74307304784,1103862.0,1103862.0,1103862.0,949052.0853658536,1103862.0,1103862.0,1103862.0,949052.0853658536,1103862.0,1103862.0,1103862.0,0.41309823677581864,0.060453400503778336,0.14634146341463414,110.81108312342569,312.0,312.0,110.81108312342569,312.0,312.0,184.08060453400503,504.0,504.0,51.34256926952141,144.0,144.0,0.0,0.0,0.0,0.0,0.0,0.0,0.0,0.0,0.0,0.0,0.0,0.0,68.48362720403023,192.0,192.0,1095.6498740554157,3072.0,3072.0,1593.8110831234258,4464.0,4464.0,0.0,0.0,0.0
8.5,hybahr15,405,0.11425186280955511,0.345679012345679,9.925925925925926,4414099.414814815,12542532.8,12543360.76,12544283.0,5517.62426851852,15678.166000000001,15679.200949999999,15680.35375,0.11606764555482504,0.36790123456790125,0.36790123456790125,13905.207407407408,21156.0,21156.0,21156.0,4400194.207407407,12521376.8,12522204.76,12523127.0,516952.65679012344,1471816.0,1471816.0,1471816.0,516952.65679012344,1471816.0,1471816.0,1471816.0,1405139.7718120806,1471816.0,1471816.0,1471816.0,1405139.7718120806,1471816.0,1471816.0,1471816.0,0.36790123456790125,0.022222222222222223,0.06040268456375839,146.11358024691359,416.0,416.0,146.11358024691359,416.0,416.0,237.8962962962963,672.0,672.0,67.5604938271605,192.0,192.0,0.0,0.0,0.0,0.0,0.0,0.0,0.0,0.0,0.0,0.0,0.0,0.0,90.11111111111111,256.0,256.0,1441.7555555555555,4096.0,4096.0,2096.8493827160496,5952.0,5952.0,0.0,0.0,0.0
8.5,hybbgr8,314,0.13174101590472242,0.445859872611465,6.856687898089172,3549476.4681528662,7933964.85,8040484.84,8129865.0,4436.845585191082,9917.4560625,10050.60605,10162.33125,0.133325717031621,0.5445859872611465,0.5445859872611465,9698.751592356688,11433.0,11433.0,11433.0,3539777.7165605095,7922531.85,8029051.84,8118432.0,459958.2324840764,1013522.0,1013522.0,1013522.0,459958.2324840764,1013522.0,1013522.0,1013522.0,844601.6666666666,1013522.0,1013522.0,1013522.0,844601.6666666666,1013522.0,1013522.0,1013522.0,0.5445859872611465,0.09872611464968153,0.18128654970760233,65.35031847133757,144.0,144.0,65.35031847133757,144.0,144.0,84.21656050955414,176.0,176.0,51.745222929936304,112.0,112.0,0.0,0.0,0.0,0.0,0.0,0.0,0.0,0.0,0.0,0.0,0.0,0.0,66.75796178343948,144.0,144.0,801.0382165605096,1728.0,1728.0,608.140127388535,1514.3999999999992,1774.0,0.0,0.0,0.0
8.5,hybbgr12,347,0.1226094759817881,0.4034582132564842,8.832853025936599,4849549.8847262245,11823740.7,12019777.84,12121604.0,6061.937355907781,14779.675875,15024.7223,15152.005,0.12270379670207868,0.42939481268011526,0.42939481268011526,12406.668587896254,16989.0,16989.0,16989.0,4837143.216138328,11806751.7,12002788.84,12104615.0,632355.9452449568,1520283.0,1520283.0,1520283.0,632355.9452449568,1520283.0,1520283.0,1520283.0,1472667.8724832216,1520283.0,1520283.0,1520283.0,1472667.8724832216,1520283.0,1520283.0,1520283.0,0.42939481268011526,0.025936599423631124,0.06040268456375839,89.84438040345822,216.0,216.0,89.69452449567723,216.0,216.0,110.72622478386167,264.0,264.0,70.23631123919309,168.0,168.0,0.0,0.0,0.0,0.0,0.0,0.0,0.0,0.0,0.0,0.0,0.0,0.0,90.3314121037464,216.0,216.0,1083.9740634005764,2592.0,2592.0,822.9481268011527,2193.4,2466.0,0.0,0.0,0.0
8.5,hybbgr15,373,0.11858362945571649,0.3753351206434316,9.943699731903486,5855192.621983915,15773199.6,16039464.76,16163601.0,7318.990777479893,19716.4995,20049.33095,20204.50125,0.11858858686168441,0.3780160857908847,0.3780160857908847,13933.142091152815,21156.0,21156.0,21156.0,5841259.479892761,15752043.6,16018308.76,16142445.0,764896.6300268096,2027044.0,2027044.0,2027044.0,764896.6300268096,2027044.0,2027044.0,2027044.0,2023449.9503546099,2027044.0,2027044.0,2027044.0,2023449.9503546099,2027044.0,2027044.0,2027044.0,0.3780160857908847,0.002680965147453083,0.0070921985815602835,108.67560321715818,288.0,288.0,108.31099195710456,288.0,288.0,132.9088471849866,352.0,352.0,84.52815013404826,224.0,224.0,0.0,0.0,0.0,0.0,0.0,0.0,0.0,0.0,0.0,0.0,0.0,0.0,108.67560321715818,288.0,288.0,1304.1072386058981,3456.0,3456.0,1008.1072386058981,2925.6,3172.0,0.0,0.0,0.0
9.0,ldpc8,267,0.12076643286129025,0.5243445692883895,6.808988764044944,9626.0,11433.0,11433.0,11433.0,12.032499999999999,14.29125,14.29125,14.29125,0.12076643286129025,0.5243445692883895,0.0,9626.0,11433.0,11433.0,11433.0,0.0,0.0,0.0,0.0,nan,nan,nan,nan,nan,nan,nan,nan,nan,nan,nan,nan,nan,nan,nan,nan,0.0,0.0,nan,0.0,0.0,0.0,0.0,0.0,0.0,0.0,0.0,0.0,0.0,0.0,0.0,0.0,0.0,0.0,nan,nan,nan,nan,nan,nan,nan,nan,nan,nan,nan,nan,nan,nan,nan,nan,nan,nan,nan,nan,nan
9.0,ldpc12,336,0.11100342966328543,0.4166666666666667,8.666666666666666,12171.75,16989.0,16989.0,16989.0,15.214687499999998,21.23625,21.23625,21.23625,0.11100342966328543,0.4166666666666667,0.0,12171.75,16989.0,16989.0,16989.0,0.0,0.0,0.0,0.0,nan,nan,nan,nan,nan,nan,nan,nan,nan,nan,nan,nan,nan,nan,nan,nan,0.0,0.0,nan,0.0,0.0,0.0,0.0,0.0,0.0,0.0,0.0,0.0,0.0,0.0,0.0,0.0,0.0,0.0,nan,nan,nan,nan,nan,nan,nan,nan,nan,nan,nan,nan,nan,nan,nan,nan,nan,nan,nan,nan,nan
9.0,ldpc15,380,0.10355078246652133,0.3684210526315789,9.8,13730.463157894737,21156.0,21156.0,21156.0,17.16307894736842,26.445,26.445,26.445,0.10355078246652133,0.3684210526315789,0.0,13730.463157894737,21156.0,21156.0,21156.0,0.0,0.0,0.0,0.0,nan,nan,nan,nan,nan,nan,nan,nan,nan,nan,nan,nan,nan,nan,nan,nan,0.0,0.0,nan,0.0,0.0,0.0,0.0,0.0,0.0,0.0,0.0,0.0,0.0,0.0,0.0,0.0,0.0,0.0,nan,nan,nan,nan,nan,nan,nan,nan,nan,nan,nan,nan,nan,nan,nan,nan,nan,nan,nan,nan,nan
9.0,hybahr8,410,0.10845585582335113,0.34146341463414637,6.773170731707317,2191554.2853658535,6272274.75,6273192.85,6273424.0,2739.4428567073173,7840.3434375,7841.4910625,7841.78,0.12018373863472362,0.5146341463414634,0.5146341463414634,9573.131707317074,11433.0,11433.0,11433.0,2181981.1536585367,6260841.75,6261759.85,6261991.0,255772.9024390244,735908.0,735908.0,735908.0,255772.9024390244,735908.0,735908.0,735908.0,496999.4786729858,735908.0,735908.0,735908.0,496999.4786729858,735908.0,735908.0,735908.0,0.5146341463414634,0.17317073170731706,0.33649289099526064,72.29268292682927,208.0,208.0,72.29268292682927,208.0,208.0,131.32682926829267,336.0,336.0,33.636585365853655,96.0,96.0,0.0,0.0,0.0,0.0,0.0,0.0,0.0,0.0,0.0,0.0,0.0,0.0,44.84146341463415,128.0,128.0,716.8219512195122,2048.0,2048.0,1042.0853658536585,2976.0,2976.0,0.0,0.0,0.0
9.0,hybahr12,423,0.103169107669926,0.3309692671394799,8.605200945626478,3189863.1371158394,9408193.2,9409171.96,9410279.0,3987.328921394799,11760.2415,11761.46495,11762.84875,0.10773724593282695,0.4066193853427896,0.4066193853427896,12083.148936170213,16989.0,16989.0,16989.0,3177779.9881796692,9391204.2,9392182.96,9393290.0,373173.2056737589,1103862.0,1103862.0,1103862.0,373173.2056737589,1103862.0,1103862.0,1103862.0,917745.7325581395,1103862.0,1103862.0,1103862.0,917745.7325581395,1103862.0,1103862.0,1103862.0,0.4066193853427896,0.07565011820330969,0.18604651162790697,105.47517730496453,312.0,312.0,105.47517730496453,312.0,312.0,176.73758865248226,504.0,504.0,48.87706855791962,144.0,144.0,0.0,0.0,0.0,0.0,0.0,0.0,0.0,0.0,0.0,0.0,0.0,0.0,65.19621749408984,192.0,192.0,1043.0236406619385,3072.0,3072.0,1517.373522458629,4464.0,4464.0,0.0,0.0,0.0
9.0,hybahr15,448,0.09730623943364328,0.3125,9.694196428571429,4052817.1897321427,12542706.85,12543751.79,12544918.0,5066.021487165178,15678.3835625,15679.689737499999,15681.1475,0.10011870641377853,0.35714285714285715,0.35714285714285715,13579.88169642857,21156.0,21156.0,21156.0,4039237.308035714,12521550.85,12522595.79,12523762.0,474726.3660714286,1471816.0,1471816.0,1471816.0,474726.3660714286,1471816.0,1471816.0,1471816.0,1329233.825,1471816.0,1471816.0,1471816.0,1329233.825,1471816.0,1471816.0,1471816.0,0.35714285714285715,0.044642857142857144,0.125,134.17857142857142,416.0,416.0,134.17857142857142,416.0,416.0,220.37723214285714,672.0,672.0,62.11830357142857,192.0,192.0,0.0,0.0,0.0,0.0,0.0,0.0,0.0,0.0,0.0,0.0,0.0,0.0,82.88169642857143,256.0,256.0,1326.0625,4096.0,4096.0,1929.390625,5952.0,5952.0,0.0,0.0,0.0
9.0,hybbgr8,352,0.11542979256320603,0.3977272727272727,6.775568181818182,3204830.122159091,7953307.6,8077787.44,8156952.0,4006.037652698864,9941.6345,10097.2343,10196.19,0.11819400551371705,0.5142045454545454,0.5142045454545454,9576.323863636364,11433.0,11433.0,11433.0,3195253.7982954546,7941874.6,8066354.44,8145519.0,413182.9744318182,1013522.0,1013522.0,1013522.0,413182.9744318182,1013522.0,1013522.0,1013522.0,803538.1602209945,1013522.0,1013522.0,1013522.0,803538.1602209945,1013522.0,1013522.0,1013522.0,0.5142045454545454,0.11647727272727272,0.2265193370165746,58.70454545454545,144.0,144.0,58.70454545454545,144.0,144.0,76.82386363636364,176.0,176.0,46.67897727272727,112.0,112.0,0.0,0.0,0.0,0.0,0.0,0.0,0.0,0.0,0.0,0.0,0.0,0.0,60.28693181818182,144.0,144.0,723.375,1728.0,1728.0,543.1988636363636,1475.6,1828.0,0.0,0.0,0.0
9.0,hybbgr12,365,0.10715682499797358,0.3835616438356164,8.616438356164384,4588508.208219178,11914102.4,12083246.92,12217125.0,5735.635260273973,14892.628,15104.05865,15271.40625,0.10724700089162681,0.40821917808219177,0.40821917808219177,12099.271232876712,16989.0,16989.0,16989.0,4576408.936986301,11897113.4,12066257.92,12200136.0,597006.1095890411,1520283.0,1520283.0,1520283.0,597006.1095890411,1520283.0,1520283.0,1520283.0,1462464.6308724831,1520283.0,1520283.0,1520283.0,1462464.6308724831,1520283.0,1520283.0,1520283.0,0.40821917808219177,0.024657534246575342,0.06040268456375839,84.82191780821918,216.0,216.0,84.43835616438356,216.0,216.0,104.68493150684931,264.0,264.0,66.21369863013699,168.0,168.0,0.0,0.0,0.0,0.0,0.0,0.0,0.0,0.0,0.0,0.0,0.0,0.0,85.17534246575343,216.0,216.0,1022.1013698630137,2592.0,2592.0,769.331506849315,2212.0,2546.0,0.0,0.0,0.0
9.0,hybbgr15,386,0.10390670509243646,0.3626943005181347,9.818652849740932,5741579.297927462,15864438.0,16069054.75,16201682.0,7176.974122409328,19830.5475,20086.3184375,20252.1025,0.10391676503050556,0.3704663212435233,0.3704663212435233,13757.028497409327,21156.0,21156.0,21156.0,5727822.269430052,15843282.0,16047898.75,16180526.0,747012.9766839378,2027044.0,2027044.0,2027044.0,747012.9766839378,2027044.0,2027044.0,2027044.0,2016412.6503496503,2027044.0,2027044.0,2027044.0,2016412.6503496503,2027044.0,2027044.0,2027044.0,0.3704663212435233,0.007772020725388601,0.02097902097902098,106.30310880829016,288.0,288.0,106.00518134715026,288.0,288.0,129.91709844559585,352.0,352.0,82.69689119170984,224.0,224.0,0.0,0.0,0.0,0.0,0.0,0.0,0.0,0.0,0.0,0.0,0.0,0.0,106.32124352331606,288.0,288.0,1275.8549222797928,3456.0,3456.0,968.6243523316062,2942.5,3296.0,0.0,0.0,0.0
9.5,ldpc8,285,0.11430953493200456,0.49122807017543857,6.5929824561403505,9315.336842105264,11433.0,11433.0,11433.0,11.644171052631581,14.29125,14.29125,14.29125,0.11430953493200456,0.49122807017543857,0.0,9315.336842105264,11433.0,11433.0,11433.0,0.0,0.0,0.0,0.0,nan,nan,nan,nan,nan,nan,nan,nan,nan,nan,nan,nan,nan,nan,nan,nan,0.0,0.0,nan,0.0,0.0,0.0,0.0,0.0,0.0,0.0,0.0,0.0,0.0,0.0,0.0,0.0,0.0,0.0,nan,nan,nan,nan,nan,nan,nan,nan,nan,nan,nan,nan,nan,nan,nan,nan,nan,nan,nan,nan,nan
9.5,ldpc12,350,0.11015426880811496,0.4,8.414285714285715,11815.842857142858,16989.0,16989.0,16989.0,14.76980357142857,21.23625,21.23625,21.23625,0.11015426880811496,0.4,0.0,11815.842857142858,16989.0,16989.0,16989.0,0.0,0.0,0.0,0.0,nan,nan,nan,nan,nan,nan,nan,nan,nan,nan,nan,nan,nan,nan,nan,nan,0.0,0.0,nan,0.0,0.0,0.0,0.0,0.0,0.0,0.0,0.0,0.0,0.0,0.0,0.0,0.0,0.0,0.0,nan,nan,nan,nan,nan,nan,nan,nan,nan,nan,nan,nan,nan,nan,nan,nan,nan,nan,nan,nan,nan
9.5,ldpc15,397,0.100857205669742,0.3526448362720403,9.430730478589421,13212.48362720403,21156.0,21156.0,21156.0,16.515604534005035,26.445,26.445,26.445,0.100857205669742,0.3526448362720403,0.0,13212.48362720403,21156.0,21156.0,21156.0,0.0,0.0,0.0,0.0,nan,nan,nan,nan,nan,nan,nan,nan,nan,nan,nan,nan,nan,nan,nan,nan,0.0,0.0,nan,0.0,0.0,0.0,0.0,0.0,0.0,0.0,0.0,0.0,0.0,0.0,0.0,0.0,0.0,0.0,nan,nan,nan,nan,nan,nan,nan,nan,nan,nan,nan,nan,nan,nan,nan,nan,nan,nan,nan,nan,nan
9.5,hybahr8,426,0.10017458052059894,0.3286384976525822,6.612676056338028,2096382.0751173708,6272234.25,6272898.75,6273693.0,2620.4775938967136,7840.2928125,7841.1234375,7842.11625,0.1084760535600189,0.47183098591549294,0.47183098591549294,9336.464788732394,11433.0,11433.0,11433.0,2087045.6103286385,6260801.25,6261465.75,6262260.0,244438.9248826291,735908.0,735908.0,735908.0,244438.9248826291,735908.0,735908.0,735908.0,518064.5870646766,735908.0,735908.0,735908.0,518064.5870646766,735908.0,735908.0,735908.0,0.47183098591549294,0.1431924882629108,0.3034825870646766,69.08920187793427,208.0,208.0,69.08920187793427,208.0,208.0,123.63380281690141,336.0,336.0,32.18075117370892,96.0,96.0,0.0,0.0,0.0,0.0,0.0,0.0,0.0,0.0,0.0,0.0,0.0,0.0,42.92253521126761,128.0,128.0,686.2535211267606,2048.0,2048.0,998.8192488262911,2976.0,2976.0,0.0,0.0,0.0
9.5,hybahr12,430,0.09832504816292831,0.32558139534883723,8.31860465116279,3109963.6860465114,9408221.6,9408899.23,9409380.0,3887.4546075581397,11760.277,11761.1240375,11761.725,0.10234536259804596,0.3767441860465116,0.3767441860465116,11675.476744186046,16989.0,16989.0,16989.0,3098288.2093023257,9391232.6,9391910.23,9392391.0,363675.4651162791,1103862.0,1103862.0,1103862.0,363675.4651162791,1103862.0,1103862.0,1103862.0,965311.4197530864,1103862.0,1103862.0,1103862.0,965311.4197530864,1103862.0,1103862.0,1103862.0,0.3767441860465116,0.05116279069767442,0.13580246913580246,102.79069767441861,312.0,312.0,102.63255813953488,312.0,312.0,170.34418604651162,504.0,504.0,47.67674418604651,144.0,144.0,0.0,0.0,0.0,0.0,0.0,0.0,0.0,0.0,0.0,0.0,0.0,0.0,63.61395348837209,192.0,192.0,1017.7627906976744,3072.0,3072.0,1481.6627906976744,4464.0,4464.0,0.0,0.0,0.0
9.5,hybahr15,437,0.09728616305363356,0.32036613272311215,9.409610983981693,4096927.2219679635,12542589.2,12543695.68,12544160.0,5121.159027459955,15678.2365,15679.6196,15680.2,0.10059848618201021,0.3501144164759725,0.3501144164759725,13182.336384439359,21156.0,21156.0,21156.0,4083744.885583524,12521433.2,12522539.68,12523004.0,479940.0,1471816.0,1471816.0,1471816.0,479940.0,1471816.0,1471816.0,1471816.0,1370809.0196078431,1471816.0,1471816.0,1471816.0,1370809.0196078431,1471816.0,1471816.0,1471816.0,0.3501144164759725,0.029748283752860413,0.08496732026143791,135.56979405034326,416.0,416.0,135.27231121281466,416.0,416.0,221.2974828375286,672.0,672.0,62.82837528604119,192.0,192.0,0.0,0.0,0.0,0.0,0.0,0.0,0.0,0.0,0.0,0.0,0.0,0.0,83.82151029748283,256.0,256.0,1341.1258581235697,4096.0,4096.0,1949.0228832951946,5952.0,5952.0,0.0,0.0,0.0
9.5,hybbgr8,356,0.11193882554351439,0.39325842696629215,6.617977528089888,3132022.6601123596,7918112.75,8111518.35,8227111.0,3915.02832514045,9897.6409375,10139.3979375,10283.88875,0.11376768083903996,0.47752808988764045,0.47752808988764045,9345.657303370786,11433.0,11433.0,11433.0,3122677.0028089886,7906679.75,8100085.35,8215678.0,405693.4971910112,1013522.0,1013522.0,1013522.0,405693.4971910112,1013522.0,1013522.0,1013522.0,849569.9117647059,1013522.0,1013522.0,1013522.0,849569.9117647059,1013522.0,1013522.0,1013522.0,0.47752808988764045,0.08426966292134831,0.17647058823529413,57.640449438202246,144.0,144.0,57.640449438202246,144.0,144.0,74.15730337078652,176.0,176.0,45.64325842696629,112.0,112.0,0.0,0.0,0.0,0.0,0.0,0.0,0.0,0.0,0.0,0.0,0.0,0.0,58.831460674157306,144.0,144.0,705.9325842696629,1728.0,1728.0,520.1966292134831,1483.5,1694.0,0.0,0.0,0.0
9.5,hybbgr12,380,0.1042359272812208,0.3684210526315789,8.339473684210526,4365113.465789474,11851377.450000001,12086138.73,12223520.0,5456.391832236842,14814.2218125,15107.6734125,15279.4,0.10427777561507319,0.38421052631578945,0.38421052631578945,11706.86052631579,16989.0,16989.0,16989.0,4353406.605263158,11834388.450000001,12069149.73,12206531.0,569439.3342105263,1520283.0,1520283.0,1520283.0,569439.3342105263,1520283.0,1520283.0,1520283.0,1482102.3767123288,1520283.0,1520283.0,1520283.0,1482102.3767123288,1520283.0,1520283.0,1520283.0,0.38421052631578945,0.015789473684210527,0.0410958904109589,80.95,216.0,216.0,80.77368421052631,216.0,216.0,99.41052631578947,264.0,264.0,63.142105263157895,168.0,168.0,0.0,0.0,0.0,0.0,0.0,0.0,0.0,0.0,0.0,0.0,0.0,0.0,81.2,216.0,216.0,974.4,2592.0,2592.0,724.2552631578948,2168.4,2456.0,0.0,0.0,0.0
9.5,hybbgr15,411,0.0994467059704286,0.340632603406326,9.411192214111923,5371316.518248175,15771667.5,16139713.6,16272606.0,6714.145647810219,19714.584375,20174.642,20340.7575,0.09945930333002202,0.34793187347931875,0.34793187347931875,13183.83211678832,21156.0,21156.0,21156.0,5358132.686131387,15750511.5,16118557.6,16251450.0,701574.2311435523,2027044.0,2027044.0,2027044.0,701574.2311435523,2027044.0,2027044.0,2027044.0,2016412.6503496503,2027044.0,2027044.0,2027044.0,2016412.6503496503,2027044.0,2027044.0,2027044.0,0.34793187347931875,0.0072992700729927005,0.02097902097902098,99.84428223844282,288.0,288.0,99.27980535279805,288.0,288.0,121.99513381995133,352.0,352.0,77.66666666666667,224.0,224.0,0.0,0.0,0.0,0.0,0.0,0.0,0.0,0.0,0.0,0.0,0.0,0.0,99.85401459854015,288.0,288.0,1198.2481751824816,3456.0,3456.0,908.8564476885645,2933.0,3158.0,0.0,0.0,0.0
10.0,ldpc8,333,0.086273033388418,0.42042042042042044,6.543543543543543,9223.936936936936,11433.0,11433.0,11433.0,11.529921171171173,14.29125,14.29125,14.29125,0.086273033388418,0.42042042042042044,0.0,9223.936936936936,11433.0,11433.0,11433.0,0.0,0.0,0.0,0.0,nan,nan,nan,nan,nan,nan,nan,nan,nan,nan,nan,nan,nan,nan,nan,nan,0.0,0.0,nan,0.0,0.0,0.0,0.0,0.0,0.0,0.0,0.0,0.0,0.0,0.0,0.0,0.0,0.0,0.0,nan,nan,nan,nan,nan,nan,nan,nan,nan,nan,nan,nan,nan,nan,nan,nan,nan,nan,nan,nan,nan
10.0,ldpc12,418,0.08740860607004332,0.3349282296650718,8.179425837320574,11468.734449760766,16989.0,16989.0,16989.0,14.335918062200957,21.23625,21.23625,21.23625,0.08740860607004332,0.3349282296650718,0.0,11468.734449760766,16989.0,16989.0,16989.0,0.0,0.0,0.0,0.0,nan,nan,nan,nan,nan,nan,nan,nan,nan,nan,nan,nan,nan,nan,nan,nan,0.0,0.0,nan,0.0,0.0,0.0,0.0,0.0,0.0,0.0,0.0,0.0,0.0,0.0,0.0,0.0,0.0,0.0,nan,nan,nan,nan,nan,nan,nan,nan,nan,nan,nan,nan,nan,nan,nan,nan,nan,nan,nan,nan,nan
10.0,ldpc15,484,0.08277108599442516,0.2892561983471074,9.111570247933884,12748.822314049587,21156.0,21156.0,21156.0,15.936027892561983,26.445,26.445,26.445,0.08277108599442516,0.2892561983471074,0.0,12748.822314049587,21156.0,21156.0,21156.0,0.0,0.0,0.0,0.0,nan,nan,nan,nan,nan,nan,nan,nan,nan,nan,nan,nan,nan,nan,nan,nan,0.0,0.0,nan,0.0,0.0,0.0,0.0,0.0,0.0,0.0,0.0,0.0,0.0,0.0,0.0,0.0,0.0,0.0,nan,nan,nan,nan,nan,nan,nan,nan,nan,nan,nan,nan,nan,nan,nan,nan,nan,nan,nan,nan,nan
10.0,hybahr8,530,0.08294699676230881,0.2641509433962264,6.571698113207547,1694472.775471698,6272124.75,6272617.93,6272960.0,2118.0909693396225,7840.1559375,7840.7724124999995,7841.2,0.09214894775036285,0.44528301886792454,0.44528301886792454,9271.024528301887,11433.0,11433.0,11433.0,1685201.7509433962,6260691.75,6261184.93,6261527.0,197167.8037735849,735908.0,735908.0,735908.0,197167.8037735849,735908.0,735908.0,735908.0,442792.10169491527,735908.0,735908.0,735908.0,442792.10169491527,735908.0,735908.0,735908.0,0.44528301886792454,0.1811320754716981,0.4067796610169492,55.72830188679245,208.0,208.0,55.72830188679245,208.0,208.0,105.2377358490566,336.0,336.0,26.056603773584907,96.0,96.0,0.0,0.0,0.0,0.0,0.0,0.0,0.0,0.0,0.0,0.0,0.0,0.0,34.760377358490565,128.0,128.0,555.5075471698113,2048.0,2048.0,809.2547169811321,2976.0,2976.0,0.0,0.0,0.0
10.0,hybahr12,530,0.08193207826281121,0.2641509433962264,8.154716981132076,2512924.7,9407955.95,9408768.33,9409293.0,3141.155875,11759.9449375,11760.9604125,11761.61625,0.08338834152059842,0.3283018867924528,0.3283018867924528,11432.286792452831,16989.0,16989.0,16989.0,2501492.4132075473,9390966.95,9391779.33,9392304.0,293668.94716981135,1103862.0,1103862.0,1103862.0,293668.94716981135,1103862.0,1103862.0,1103862.0,894508.8620689656,1103862.0,1103862.0,1103862.0,894508.8620689656,1103862.0,1103862.0,1103862.0,0.3283018867924528,0.06415094339622641,0.19540229885057472,83.00377358490566,312.0,312.0,83.00377358490566,312.0,312.0,139.47169811320754,504.0,504.0,38.49811320754717,144.0,144.0,0.0,0.0,0.0,0.0,0.0,0.0,0.0,0.0,0.0,0.0,0.0,0.0,51.37169811320755,192.0,192.0,821.8641509433962,3072.0,3072.0,1196.8188679245284,4464.0,4464.0,0.0,0.0,0.0
10.0,hybahr15,530,0.08096495757508095,0.2641509433962264,9.083018867924528,3329408.375471698,12542322.2,12543224.65,12543915.0,4161.760469339622,15677.90275,15679.0308125,15679.89375,0.0811868510662052,0.2811320754716981,0.2811320754716981,12706.556603773584,21156.0,21156.0,21156.0,3316701.8188679246,12521166.2,12522068.65,12522759.0,390170.09056603775,1471816.0,1471816.0,1471816.0,390170.09056603775,1471816.0,1471816.0,1471816.0,1387853.3422818792,1471816.0,1471816.0,1471816.0,1387853.3422818792,1471816.0,1471816.0,1471816.0,0.2811320754716981,0.016981132075471698,0.06040268456375839,110.27924528301887,416.0,416.0,110.16603773584906,416.0,416.0,179.56981132075472,672.0,672.0,51.00188679245283,192.0,192.0,0.0,0.0,0.0,0.0,0.0,0.0,0.0,0.0,0.0,0.0,0.0,0.0,68.03962264150944,256.0,256.0,1088.6245283018868,4096.0,4096.0,1584.0924528301887,5952.0,5952.0,0.0,0.0,0.0
10.0,hybbgr8,408,0.09327276583710407,0.3431372549019608,6.620098039215686,2772344.149509804,7919309.699999999,8174943.33,8255510.0,3465.4301868872544,9899.137125,10218.6791625,10319.3875,0.09498546090033647,0.44607843137254904,0.44607843137254904,9338.507352941177,11433.0,11433.0,11433.0,2763005.6421568627,7907876.699999999,8163510.33,8244077.0,357713.64705882355,1013522.0,1013522.0,1013522.0,357713.64705882355,1013522.0,1013522.0,1013522.0,801907.5164835164,1013522.0,1013522.0,1013522.0,801907.5164835164,1013522.0,1013522.0,1013522.0,0.44607843137254904,0.10294117647058823,0.23076923076923078,50.8235294117647,144.0,144.0,50.8235294117647,144.0,144.0,66.61029411764706,176.0,176.0,40.595588235294116,112.0,112.0,0.0,0.0,0.0,0.0,0.0,0.0,0.0,0.0,0.0,0.0,0.0,0.0,52.39950980392157,144.0,144.0,628.718137254902,1728.0,1728.0,466.66421568627453,1467.8999999999999,1710.0,0.0,0.0,0.0
10.0,hybbgr12,434,0.08624746066588498,0.3225806451612903,8.193548387096774,3876602.5714285714,11855027.799999999,12226986.08,12394328.0,4845.753214285715,14818.784749999999,15283.732600000001,15492.91,0.08626365105118207,0.34101382488479265,0.34101382488479265,11490.304147465438,16989.0,16989.0,16989.0,3865112.267281106,11838038.799999999,12209997.08,12377339.0,505593.3479262673,1520283.0,1520283.0,1520283.0,505593.3479262673,1520283.0,1520283.0,1520283.0,1482618.3310810812,1520283.0,1520283.0,1520283.0,1482618.3310810812,1520283.0,1520283.0,1520283.0,0.34101382488479265,0.018433179723502304,0.05405405405405406,71.87557603686636,216.0,216.0,71.58064516129032,216.0,216.0,88.25806451612904,264.0,264.0,56.013824884792626,168.0,168.0,0.0,0.0,0.0,0.0,0.0,0.0,0.0,0.0,0.0,0.0,0.0,0.0,72.00460829493088,216.0,216.0,864.0506912442396,2592.0,2592.0,642.016129032258,2196.8999999999996,2642.0,0.0,0.0,0.0
10.0,hybbgr15,512,0.08151552098742604,0.2734375,9.111328125,4371085.306640625,15777023.1,16263358.33,16529535.0,5463.856633300781,19721.278875,20329.1979125,20661.91875,0.08152382754715237,0.283203125,0.283203125,12746.54296875,21156.0,21156.0,21156.0,4358338.763671875,15755867.1,16242202.33,16508379.0,569116.357421875,2027044.0,2027044.0,2027044.0,569116.357421875,2027044.0,2027044.0,2027044.0,2009569.4827586208,2027044.0,2027044.0,2027044.0,2009569.4827586208,2027044.0,2027044.0,2027044.0,0.283203125,0.009765625,0.034482758620689655,80.98828125,288.0,288.0,80.859375,288.0,288.0,99.056640625,352.0,352.0,63.005859375,224.0,224.0,0.0,0.0,0.0,0.0,0.0,0.0,0.0,0.0,0.0,0.0,0.0,0.0,81.0,288.0,288.0,972.0,3456.0,3456.0,742.4296875,2900.0,3314.0,0.0,0.0,0.0
10.5,ldpc8,358,0.08052006545238174,0.39106145251396646,6.310055865921788,8890.198324022347,11433.0,11433.0,11433.0,11.112747905027934,14.29125,14.29125,14.29125,0.08052006545238174,0.39106145251396646,0.0,8890.198324022347,11433.0,11433.0,11433.0,0.0,0.0,0.0,0.0,nan,nan,nan,nan,nan,nan,nan,nan,nan,nan,nan,nan,nan,nan,nan,nan,0.0,0.0,nan,0.0,0.0,0.0,0.0,0.0,0.0,0.0,0.0,0.0,0.0,0.0,0.0,0.0,0.0,0.0,nan,nan,nan,nan,nan,nan,nan,nan,nan,nan,nan,nan,nan,nan,nan,nan,nan,nan,nan,nan,nan
10.5,ldpc12,480,0.07580551960059172,0.2916666666666667,7.7375,10841.0125,16989.0,16989.0,16989.0,13.551265624999997,21.23625,21.23625,21.23625,0.07580551960059172,0.2916666666666667,0.0,10841.0125,16989.0,16989.0,16989.0,0.0,0.0,0.0,0.0,nan,nan,nan,nan,nan,nan,nan,nan,nan,nan,nan,nan,nan,nan,nan,nan,0.0,0.0,nan,0.0,0.0,0.0,0.0,0.0,0.0,0.0,0.0,0.0,0.0,0.0,0.0,0.0,0.0,0.0,nan,nan,nan,nan,nan,nan,nan,nan,nan,nan,nan,nan,nan,nan,nan,nan,nan,nan,nan,nan,nan
10.5,ldpc15,522,0.07459574576617017,0.2681992337164751,8.697318007662835,12166.666666666666,21156.0,21156.0,21156.0,15.208333333333334,26.445,26.445,26.445,0.07459574576617017,0.2681992337164751,0.0,12166.666666666666,21156.0,21156.0,21156.0,0.0,0.0,0.0,0.0,nan,nan,nan,nan,nan,nan,nan,nan,nan,nan,nan,nan,nan,nan,nan,nan,0.0,0.0,nan,0.0,0.0,0.0,0.0,0.0,0.0,0.0,0.0,0.0,0.0,0.0,0.0,0.0,0.0,0.0,nan,nan,nan,nan,nan,nan,nan,nan,nan,nan,nan,nan,nan,nan,nan,nan,nan,nan,nan,nan,nan
10.5,hybahr8,550,0.07864779451317913,0.2545454545454545,6.401818181818181,1626501.7072727273,6272001.65,6272493.51,6272834.0,2033.1271340909093,7840.0020625,7840.6168875,7841.0425,0.08779821140398064,0.42,0.42,9026.945454545454,11433.0,11433.0,11433.0,1617474.7618181817,6260568.65,6261060.51,6261401.0,189329.0581818182,735908.0,735908.0,735908.0,189329.0581818182,735908.0,735908.0,735908.0,450783.4718614719,735908.0,735908.0,735908.0,450783.4718614719,735908.0,735908.0,735908.0,0.42,0.16545454545454547,0.3939393939393939,53.512727272727275,208.0,208.0,53.512727272727275,208.0,208.0,100.23636363636363,336.0,336.0,25.025454545454547,96.0,96.0,0.0,0.0,0.0,0.0,0.0,0.0,0.0,0.0,0.0,0.0,0.0,0.0,33.36181818181818,128.0,128.0,533.1836363636363,2048.0,2048.0,775.2436363636364,2976.0,2976.0,0.0,0.0,0.0
10.5,hybahr12,568,0.07618994291190932,0.24647887323943662,7.904929577464789,2363140.954225352,9407777.5,9408595.6,9409229.0,2953.9261927816906,11759.721875000001,11760.7445,11761.53625,0.07891380271272606,0.31161971830985913,0.31161971830985913,11079.977112676057,16989.0,16989.0,16989.0,2352060.977112676,9390788.5,9391606.6,9392240.0,275965.5,1103862.0,1103862.0,1103862.0,275965.5,1103862.0,1103862.0,1103862.0,885584.2033898305,1103862.0,1103862.0,1103862.0,885584.2033898305,1103862.0,1103862.0,1103862.0,0.31161971830985913,0.06514084507042253,0.20903954802259886,78.0,312.0,312.0,78.0,312.0,312.0,131.4718309859155,504.0,504.0,36.24471830985915,144.0,144.0,0.0,0.0,0.0,0.0,0.0,0.0,0.0,0.0,0.0,0.0,0.0,0.0,48.36443661971831,192.0,192.0,773.7411971830986,3072.0,3072.0,1126.649647887324,4464.0,4464.0,0.0,0.0,0.0
10.5,hybahr15,582,0.0732601186482035,0.24054982817869416,8.754295532646049,3072320.1357388315,12542302.85,12543262.27,12543639.0,3840.40016967354,15677.8785625,15679.077837499999,15679.54875,0.07436577350088452,0.2697594501718213,0.2697594501718213,12246.309278350516,21156.0,21156.0,21156.0,3060073.826460481,12521146.85,12522106.27,12522483.0,359735.09621993126,1471816.0,1471816.0,1471816.0,359735.09621993126,1471816.0,1471816.0,1471816.0,1333540.2929936305,1471816.0,1471816.0,1471816.0,1333540.2929936305,1471816.0,1471816.0,1471816.0,0.2697594501718213,0.029209621993127148,0.10828025477707007,101.67697594501718,416.0,416.0,101.67697594501718,416.0,416.0,166.70103092783506,672.0,672.0,47.12027491408935,192.0,192.0,0.0,0.0,0.0,0.0,0.0,0.0,0.0,0.0,0.0,0.0,0.0,0.0,62.865979381443296,256.0,256.0,1005.8419243986255,4096.0,4096.0,1463.8109965635738,5952.0,5952.0,0.0,0.0,0.0
10.5,hybbgr8,458,0.08102705679439808,0.3056768558951965,6.310043668122271,2435126.3799126637,7858729.149999999,8133057.44,8242060.0,3043.90797489083,9823.411437499999,10166.3218,10302.575,0.08236221286271672,0.3930131004366812,0.3930131004366812,8890.807860262008,11433.0,11433.0,11433.0,2426235.572052402,7847296.149999999,8121624.44,8230627.0,314236.0786026201,1013522.0,1013522.0,1013522.0,314236.0786026201,1013522.0,1013522.0,1013522.0,799556.2444444444,1013522.0,1013522.0,1013522.0,799556.2444444444,1013522.0,1013522.0,1013522.0,0.3930131004366812,0.08733624454148471,0.2222222222222222,44.646288209606986,144.0,144.0,44.646288209606986,144.0,144.0,58.41048034934498,176.0,176.0,35.572052401746724,112.0,112.0,0.0,0.0,0.0,0.0,0.0,0.0,0.0,0.0,0.0,0.0,0.0,0.0,45.93886462882096,144.0,144.0,551.2117903930131,1728.0,1728.0,408.89519650655023,1406.6,1858.0,0.0,0.0,0.0
10.5,hybbgr12,490,0.0770928933703659,0.2857142857142857,7.791836734693877,3422094.016326531,11777674.299999999,12099915.700000001,12353615.0,4277.617520408163,14722.092874999998,15124.894625,15442.01875,0.07712346033087791,0.3,0.3,10919.161224489795,16989.0,16989.0,16989.0,3411174.855102041,11760685.299999999,12082926.700000001,12336626.0,446777.04489795916,1520283.0,1520283.0,1520283.0,446777.04489795916,1520283.0,1520283.0,1520283.0,1489256.8163265307,1520283.0,1520283.0,1520283.0,1489256.8163265307,1520283.0,1520283.0,1520283.0,0.3,0.014285714285714285,0.047619047619047616,63.477551020408164,216.0,216.0,63.28163265306122,216.0,216.0,78.07142857142857,264.0,264.0,49.39591836734694,168.0,168.0,0.0,0.0,0.0,0.0,0.0,0.0,0.0,0.0,0.0,0.0,0.0,0.0,63.50612244897959,216.0,216.0,762.0693877551021,2592.0,2592.0,573.6081632653061,2147.1,2560.0,0.0,0.0,0.0
10.5,hybbgr15,537,0.07523373882957038,0.260707635009311,8.763500931098697,4162506.6927374303,15699991.6,16102864.559999999,16461652.0,5203.133365921787,19624.9895,20128.5807,20577.065,0.07524096999548224,0.27001862197392923,0.27001862197392923,12259.17877094972,21156.0,21156.0,21156.0,4150247.5139664803,15678835.6,16081708.559999999,16440496.0,542621.1824953445,2027044.0,2027044.0,2027044.0,542621.1824953445,2027044.0,2027044.0,2027044.0,2009569.4827586208,2027044.0,2027044.0,2027044.0,2009569.4827586208,2027044.0,2027044.0,2027044.0,0.27001862197392923,0.00931098696461825,0.034482758620689655,77.09497206703911,288.0,288.0,77.09497206703911,288.0,288.0,94.37243947858472,352.0,352.0,59.97206703910614,224.0,224.0,0.0,0.0,0.0,0.0,0.0,0.0,0.0,0.0,0.0,0.0,0.0,0.0,77.09497206703911,288.0,288.0,925.1396648044692,3456.0,3456.0,705.6163873370577,2854.8,3184.0,0.0,0.0,0.0
11.0,ldpc8,352,0.07618553321678322,0.3977272727272727,6.409090909090909,9029.897727272728,11433.0,11433.0,11433.0,11.28737215909091,14.29125,14.29125,14.29125,0.07618553321678322,0.3977272727272727,0.0,9029.897727272728,11433.0,11433.0,11433.0,0.0,0.0,0.0,0.0,nan,nan,nan,nan,nan,nan,nan,nan,nan,nan,nan,nan,nan,nan,nan,nan,0.0,0.0,nan,0.0,0.0,0.0,0.0,0.0,0.0,0.0,0.0,0.0,0.0,0.0,0.0,0.0,0.0,0.0,nan,nan,nan,nan,nan,nan,nan,nan,nan,nan,nan,nan,nan,nan,nan,nan,nan,nan,nan,nan,nan
11.0,ldpc12,518,0.06201166297320143,0.2702702702702703,7.677606177606178,10750.951737451738,16989.0,16989.0,16989.0,13.43868967181467,21.23625,21.23625,21.23625,0.06201166297320143,0.2702702702702703,0.0,10750.951737451738,16989.0,16989.0,16989.0,0.0,0.0,0.0,0.0,nan,nan,nan,nan,nan,nan,nan,nan,nan,nan,nan,nan,nan,nan,nan,nan,0.0,0.0,nan,0.0,0.0,0.0,0.0,0.0,0.0,0.0,0.0,0.0,0.0,0.0,0.0,0.0,0.0,0.0,nan,nan,nan,nan,nan,nan,nan,nan,nan,nan,nan,nan,nan,nan,nan,nan,nan,nan,nan,nan,nan
11.0,ldpc15,625,0.06089319526627219,0.224,8.432,11783.952,21156.0,21156.0,21156.0,14.729940000000003,26.445,26.445,26.445,0.06089319526627219,0.224,0.0,11783.952,21156.0,21156.0,21156.0,0.0,0.0,0.0,0.0,nan,nan,nan,nan,nan,nan,nan,nan,nan,nan,nan,nan,nan,nan,nan,nan,0.0,0.0,nan,0.0,0.0,0.0,0.0,0.0,0.0,0.0,0.0,0.0,0.0,0.0,0.0,0.0,0.0,0.0,nan,nan,nan,nan,nan,nan,nan,nan,nan,nan,nan,nan,nan,nan,nan,nan,nan,nan,nan,nan,nan
11.0,hybahr8,702,0.0620817107503498,0.19943019943019943,6.330484330484331,1287417.4558404558,6272048.55,6272629.93,6273441.0,1609.2718198005696,7840.0606875,7840.787412500001,7841.80125,0.07254658077513107,0.3789173789173789,0.3789173789173789,8914.675213675213,11433.0,11433.0,11433.0,1278502.7806267806,6260615.55,6261196.93,6262008.0,149383.0341880342,735908.0,735908.0,735908.0,149383.0341880342,735908.0,735908.0,735908.0,394236.4285714286,735908.0,735908.0,735908.0,394236.4285714286,735908.0,735908.0,735908.0,0.3789173789173789,0.1794871794871795,0.47368421052631576,42.22222222222222,208.0,208.0,42.22222222222222,208.0,208.0,83.28205128205128,336.0,336.0,19.78774928774929,96.0,96.0,0.0,0.0,0.0,0.0,0.0,0.0,0.0,0.0,0.0,0.0,0.0,0.0,26.376068376068375,128.0,128.0,421.4002849002849,2048.0,2048.0,612.7421652421652,2976.0,2976.0,0.0,0.0,0.0
11.0,hybahr12,712,0.06082774790572435,0.19662921348314608,7.672752808988764,1900541.1039325842,9407804.2,9408584.46,9409380.0,2375.67637991573,11759.75525,11760.730575,11761.725,0.06399617088292002,0.26685393258426965,0.26685393258426965,10743.113764044943,16989.0,16989.0,16989.0,1889797.9901685393,9390815.2,9391595.46,9392391.0,221702.62078651684,1103862.0,1103862.0,1103862.0,221702.62078651684,1103862.0,1103862.0,1103862.0,830801.4,1103862.0,1103862.0,1103862.0,830801.4,1103862.0,1103862.0,1103862.0,0.26685393258426965,0.0702247191011236,0.2631578947368421,62.662921348314605,312.0,312.0,62.57022471910113,312.0,312.0,107.12359550561797,504.0,504.0,29.115168539325843,144.0,144.0,0.0,0.0,0.0,0.0,0.0,0.0,0.0,0.0,0.0,0.0,0.0,0.0,38.842696629213485,192.0,192.0,621.3778089887641,3072.0,3072.0,904.373595505618,4464.0,4464.0,0.0,0.0,0.0
11.0,hybahr15,719,0.059787282632848056,0.19471488178025034,8.414464534075105,2502315.420027816,12541982.8,12543097.34,12544270.0,3127.89427503477,15677.478500000001,15678.871675,15680.3375,0.06173540872842788,0.22253129346314326,0.22253129346314326,11759.12378303199,21156.0,21156.0,21156.0,2490556.2962447843,12520826.8,12521941.34,12523114.0,292725.5744089013,1471816.0,1471816.0,1471816.0,292725.5744089013,1471816.0,1471816.0,1471816.0,1315435.55,1471816.0,1471816.0,1471816.0,1315435.55,1471816.0,1471816.0,1471816.0,0.22253129346314326,0.027816411682892908,0.125,82.73713490959666,416.0,416.0,82.64534075104312,416.0,416.0,135.90403337969403,672.0,672.0,38.32267037552156,192.0,192.0,0.0,0.0,0.0,0.0,0.0,0.0,0.0,0.0,0.0,0.0,0.0,0.0,51.12378303198887,256.0,256.0,817.9624478442281,4096.0,4096.0,1190.164116828929,5952.0,5952.0,0.0,0.0,0.0
11.0,hybbgr8,521,0.06801113584481368,0.2687140115163148,6.328214971209213,2204082.030710173,7922619.0,8062295.399999999,8276821.0,2755.1025383877163,9903.27375,10077.86925,10346.02625,0.07144068927528989,0.3857965451055662,0.3857965451055662,8913.731285988484,11433.0,11433.0,11433.0,2195168.2994241845,7911186.0,8050862.399999999,8265388.0,282074.2610364683,1013522.0,1013522.0,1013522.0,282074.2610364683,1013522.0,1013522.0,1013522.0,731147.711442786,1013522.0,1013522.0,1013522.0,731147.711442786,1013522.0,1013522.0,1013522.0,0.3857965451055662,0.11708253358925144,0.3034825870646766,40.076775431861805,144.0,144.0,40.076775431861805,144.0,144.0,54.134357005758154,176.0,176.0,32.35892514395393,112.0,112.0,0.0,0.0,0.0,0.0,0.0,0.0,0.0,0.0,0.0,0.0,0.0,0.0,41.85796545105566,144.0,144.0,502.232245681382,1728.0,1728.0,373.40115163147794,1444.0,1922.0,0.0,0.0,0.0
11.0,hybbgr12,581,0.06083261617900172,0.24096385542168675,7.633390705679862,2921534.242685026,11762621.0,11994307.800000003,12331520.0,3651.917803356282,14703.27625,14992.884750000001,15414.4,0.06144431911924961,0.2633390705679862,0.2633390705679862,10687.311531841653,16989.0,16989.0,16989.0,2910846.9311531843,11745632.0,11977318.800000003,12314531.0,380288.80550774524,1520283.0,1520283.0,1520283.0,380288.80550774524,1520283.0,1520283.0,1520283.0,1444103.2418300654,1520283.0,1520283.0,1520283.0,1444103.2418300654,1520283.0,1520283.0,1520283.0,0.2633390705679862,0.022375215146299483,0.08496732026143791,54.030981067125644,216.0,216.0,53.87263339070568,216.0,216.0,66.91566265060241,264.0,264.0,42.29948364888124,168.0,168.0,0.0,0.0,0.0,0.0,0.0,0.0,0.0,0.0,0.0,0.0,0.0,0.0,54.42340791738382,216.0,216.0,653.0774526678141,2592.0,2592.0,484.5163511187608,2098.0,2462.0,0.0,0.0,0.0
11.0,hybbgr15,655,0.062085008356294324,0.21374045801526717,8.473282442748092,3477095.93740458,15660428.6,15989888.0,16381106.0,4346.369921755725,19575.535750000003,19987.36,20476.3825,0.06256182528569493,0.22748091603053436,0.22748091603053436,11842.4106870229,21156.0,21156.0,21156.0,3465253.526717557,15639272.6,15968732.0,16359950.0,452603.3358778626,2027044.0,2027044.0,2027044.0,452603.3358778626,2027044.0,2027044.0,2027044.0,1989632.1140939598,2027044.0,2027044.0,2027044.0,1989632.1140939598,2027044.0,2027044.0,2027044.0,0.22748091603053436,0.013740458015267175,0.06040268456375839,64.47022900763359,288.0,288.0,64.30534351145039,288.0,288.0,79.0381679389313,352.0,352.0,50.20458015267175,224.0,224.0,0.0,0.0,0.0,0.0,0.0,0.0,0.0,0.0,0.0,0.0,0.0,0.0,64.54961832061069,288.0,288.0,774.5954198473282,3456.0,3456.0,580.6870229007634,2815.7999999999997,3168.0,0.0,0.0,0.0
